77	samples	[Phantom] Trying to hit Ascendant
4156	samples	[Free Invites] Moin :) Deadlock + Finals = ❤️
6675	samples	Neuen Patch auschecken | Morgen Halo Turnier
7691	samples	🔴 Deadlock Stream | Ranked Climb | NEW PATCH HOLLIDAY BUSTED LMAO AND NEW GRAPHICCARD YAAAYYYYY !join !discord | Vindicta Bebop Holliday
7706	samples	e6 mogging !dc !coaching
7707	samples	e6 mogging !dc !coaching
7708	samples	🔴DEADLOCK🔴KAGEY🔴TIKTOK MOVEMENT DEMON🔴10 BAJILLION KILLS🔴!insta !stats !yarrak
7710	samples	🔴 Deadlock Stream | Ranked Climb | NEW PATCH HOLLIDAY BUSTED LMAO AND NEW GRAPHICCARD YAAAYYYYY !join !discord | Vindicta Bebop Holliday
7713	samples	nach langer pause wieder zurück und viel cortisol  [GER:ENG]
7716	updates	Looten & Leveln
7717	samples	heute nur wins inshallah
7719	updates	🔴PUBG🔴KAGEY🔴TIKTOK MOVEMENT DEMON🔴10 BAJILLION KILLS🔴!insta !stats !yarrak
7724	samples	🔴 Deadlock Stream | Ranked Climb | NEW PATCH HOLLIDAY BUSTED LMAO AND NEW GRAPHICCARD YAAAYYYYY !join !discord | Vindicta Bebop Holliday
7725	updates	[DE/ENG] finishing (?) 007 before some deadlock
7726	samples	die vernünftige Version von mir hat heute frei - jetzt einschalten wird geil
7727	samples	heute nur wins inshallah
7730	samples	🔴 Deadlock Stream | Ranked Climb | NEW PATCH HOLLIDAY BUSTED LMAO AND NEW GRAPHICCARD YAAAYYYYY !join !discord | Vindicta Bebop Holliday
7732	samples	🌍Paradox SoloQ🌍Road2Eternus🌍Zertrümmern oder Zertrümmert werden
7735	samples	Duo Abend mit Jasko | Vorher ne Runde Deadlock !steam !discord !deadlock
7737	samples	teste neues internet und den anbieter verbrannt   [GER:ENG]
7739	samples	heute nur wins inshallah
7744	updates	minecraft modpack auf entspannt
7749	samples	Deadlock auf dem Abstieg...
7751	updates	[DE/ENG] finishing (?) 007 before some deadlock
7753	updates	Kommt gern vorbei ! Mitspielen why not
7754	samples	🔴 Deadlock Stream | Ranked Climb | VIN and HOLLIDAY gameplay AND NEW GRAPHICCARD YAAAYYYYY !join !discord | Vindicta Bebop Holliday
7757	samples	[DE/ENG] nooblock
7777	samples	nur verlieren bitte <3   [GER:ENG]
7779	updates	scheiße !dc !Regeln für Soullink um €€€ !wp !Vape
7780	samples	Bitte holt mich aus diesem game raus!!! - jetzt einschalten wird geil
7781	updates	nur verlieren bitte <3   [GER:ENG]
7783	samples	Phantom 3 Dynamo
7784	samples	GREY TALON AND SEVEN ACTION✨ JOIN HERE ✨ GOOD MUSIK (GER/ENG)
7786	samples	Neue Emotes! Eternus Grind geht weiter | !tts !steam !deadlock !discord
7787	samples	[DE/ENG] nooblock || komm rein, setz dich
7789	samples	🔴 Deadlock Stream | Ranked Climb | VIN and HOLLIDAY gameplay AND NEW GRAPHICCARD YAAAYYYYY !join !discord | Vindicta Bebop Holliday
7791	samples	🔴 Deadlock Stream | Ranked Climb | VIN and HOLLIDAY gameplay AND NEW GRAPHICCARD YAAAYYYYY !join !discord | Vindicta Bebop Holliday
7792	updates	{Ger/Eng} 15cards pliez led me get some morphs father!
7795	updates	Erstes mal Darktide
7796	samples	Bitte holt mich aus diesem game raus!!! - jetzt einschalten wird geil
7798	updates	{Ger/Eng} 15cards pliez led me get some morphs father!
7810	samples	Meine Deadlock Sucht nimmt wieder überhand | Danach Minecraft ATM10 | !lurk !tts !discord
7812	samples	Phantom 3 Dynamo
7814	updates	scheiße !dc !Regeln für Soullink um €€€ !wp !Vape
7822	samples	SoloQ Deadlock bis es mich bricht (max. 5min) | !tts !steam !deadlock !discord
7824	updates	{Ger/Eng} BLIND! First time ever bis ich ausraste oder einraste wer weiß
7825	samples	Positive Vibes, Gaming & Chaos 🤪 Play. Smile. Repeat. #PotatoAim
7829	updates	Ab in den Fleischwolf
7830	updates	Switftplay Gruppen Challenges
7832	updates	Heute werden Steine verkloppt! Lego Star Wars
7834	updates	SEELENVERBINDUNG !dc !Regeln für Soullink um €€€ !wp !Vape
7837	samples	GREY TALON AND SEVEN ACTION✨ JOIN HERE ✨ (GER/ENG)
7839	samples	Bitte holt mich aus diesem game raus!!! - jetzt einschalten wird geil
7847	samples	yet here u are unemployed playing deadlock ): -  random Ivy 2025  [GER:ENG]
7851	samples	SoloQ Deadlock bis es mich bricht (max. 5min) | !tts !steam !deadlock !discord
7853	updates	{Ger/Eng} Cheevo hunting then a bit dark seelen!
7856	updates	{Ger/Eng} Life goes on boiiiii
7863	samples	Eternus 3 Mo today - Geburtstags Stream :)
7865	updates	{Ger/Eng} Irgendwie easy das game :/
7866	updates	Unsere Elektromagier Hütte weiterbauen! | Minecraft ATM10 Community Server | !lurk !tts !discord
7875	samples	😊 Bringing Smiles While the World Melts ☀️❄️Positive Vibes, Gaming & Chaos 🤪 Play. Smile. Repeat. #PotatoAim
7877	samples	Zero, Deadlock und Cortisol die drei Musketiere [GER:ENG]
7878	samples	Zero, Deadlock und Cortisol die drei Musketiere [GER:ENG]
7882	samples	😊 Bringing Smiles While the World Melts ☀️❄️Positive Vibes, Gaming & Chaos 🤪 Play. Smile. Repeat. #PotatoAim
7883	samples	ദ്ദി◝ ⩊ ◜ | !tts !steam !deadlock !discord
7884	samples	{Ger/Eng} Pressing F to repress my fatherloss
7889	samples	GREY TALON AND SEVEN ACTION✨ JOIN HERE ✨ (GER/ENG)
7891	samples	Der Plan ist solide. Leider stammt er von mir. - jetzt einschalten wird geil
7896	updates	Hat wer LOL gesagt | Road to Gold AUTOFILL Top | Followen kühlt die Erde | !lurk !tts !discord
7897	updates	Hat wer LOL gesagt | Road to Gold Mid | Followen kühlt die Erde | !lurk !tts !discord
7904	updates	Lasst sie alle brennen
7906	samples	Focus on improving every match. 🔥 It's insanely hot outside, so we're grinding Deadlock. Play. Smile. Repeat. #PotatoAim
7908	samples	Holiday für Arme  - Rem in dich rein Yoshi wir brauchen einen Patch
7912	samples	ദ്ദി◝ ⩊ ◜ | !tts !steam !deadlock !discord
7916	updates	Movementen und shootenen
7918	samples	Der Plan ist solide. Leider stammt er von mir. - jetzt einschalten wird geil
7920	samples	Solo Queue fürs ruhige herz <3  [GER:ENG]
7930	updates	{Ger/Eng} Time to surrendoor! BUT NOT FOR ME!
7931	updates	WIR GEHEN REIN mit @tschenzo99 | WIR CHECKEN PUBG Black Budget AUS! | !lurk !tts !discord
7933	samples	Back into Deadlock my friends
7935	samples	keine wins nur verlieren <3  [GER:ENG]
7936	samples	Oracle elo goverment experiment   [GER:ENG]
7937	updates	WIR GEHEN REIN mit @tschenzo99 | WIR CHECKEN PUBG Black Budget AUS! | !lurk !tts !discord
7938	samples	🔴 Deadlock Stream | Ranked Climb | VIN and HOLLIDAY gameplay AND NEW GRAPHICCARD YAAAYYYYY !join !discord | Vindicta Bebop Holliday
7940	samples	Bissle Coaching mit 400 Grad
7944	samples	Focus on improving every match. 🔥 It's insanely hot outside, so we're grinding Deadlock. Play. Smile. Repeat. #PotatoAim
7945	samples	Focus on improving every match. 🔥 It's insanely hot outside, so we're grinding Deadlock. Play. Smile. Repeat. #PotatoAim
7948	samples	Focus on improving every match. 🔥 It's insanely hot outside, so we're grinding Deadlock. Play. Smile. Repeat. #PotatoAim
7950	samples	hier wird mehr geschwitzt als draussen
7954	updates	{Ger/Eng} A little of Anything% and so on! 15 cards beating the megamorphs out of gold-eye mcgee over here
7959	samples	🔴DEADLOCK🔴NO FACECAM TODAY🔴TIKTOK MOVEMENT DEMON🔴10 BAJILLION KILLS🔴!insta !stats !yarrak
7962	samples	Wann endlich Phantom Rang per SoloQ Vindicta only | !tts !steam !deadlock !discord !sau
7964	updates	Noob in Rocket League zum entspannen (nicht) mit @tschenzo99| !lurk !tts !discord
7966	samples	hier wird mehr geschwitzt als draussen
7967	samples	Oracle elo goverment experiment   [GER:ENG]
7969	samples	Der Plan ist solide. Leider stammt er von mir. - jetzt einschalten wird geil
7970	updates	{Ger/Eng} Wir Rankieren!
7972	updates	SEELENVERBINDUNG !dc !Regeln für Soullink um €€€ !wp !Vape
7975	updates	{Ger/Eng} Wir Rankieren!
7981	samples	[DE/ENG] nooblock || komm rein, setz dich
7982	samples	Focus on improving every match. 🔥 It's insanely hot outside, so we're grinding Deadlock. Play. Smile. Repeat. #PotatoAim
7983	samples	Focus on improving every match. 🔥 It's insanely hot outside, so we're grinding Deadlock. Play. Smile. Repeat. #PotatoAim
7984	samples	Es wird langsam schwierig, das noch auf Pech zu schieben - jetzt einschalten wird geil
7985	updates	PC Limit Testen
7989	samples	ദ്ദി◝ ⩊ ◜| !tts !steam !deadlock !discord !sau
7990	updates	{Ger/Eng} Moar CHEEEVOOOS!
7992	samples	🌍GiG (Geist ist Geil) SoloQ🌍Road2Eternus🌍Nr. 94🌍Zertrümmern oder Zertrümmert werden🌍!Discord
7997	samples	Deadlock Mirage Seven Wraith || EN/DE || Stream || !dc || Streamingpartner: @RGBois
7998	updates	{Ger/Eng} Wir ranken auf gold!!!!
8001	samples	dbd late night stream
8007	samples	Chapter
8011	updates	{Ger/Eng} Ranked neue season pool party und sonstiges!
8015	samples	neue cpu perfomance test
8016	samples	neue cpu perfomance test
8017	samples	neue cpu perfomance test
8019	updates	SEELENVERBINDUNG !dc !Regeln für Soullink um €€€ !wp !Vape
8021	samples	[Mark Leon] Deadlock im 5er Stack  / !dc
8022	samples	Fluch gebrochen, endlich Phantom 1 Vindicta Only | !tts !steam !deadlock !discord !sau
8025	samples	Es wird langsam schwierig, das noch auf Pech zu schieben - jetzt einschalten wird geil
8028	samples	Phantom + Mo
8034	samples	Fluch gebrochen, endlich Phantom 1 Vindicta Only | !tts !steam !deadlock !discord !sau
8037	samples	wieder update + rift objective [GER:ENG]
8038	samples	wieder update + rift objective [GER:ENG]
8040	samples	[DE/ENG] nooblock || komm rein, setz dich
8043	samples	🔴 Deadlock Stream | Ranked Climb | NEW PATCH VIN AND HOLLIDAY LETS SEE   !join !discord | Vindicta Bebop Holliday
8046	updates	Klack Boom machts digga
8047	samples	Es wird langsam schwierig, das noch auf Pech zu schieben - jetzt einschalten wird geil
8049	updates	Künsterlisch entfalten in Meccha Chameleon | !tts !steam !deadlock !discord !sau
8050	samples	GiG (Geist ist Geil) SoloQ🌍Neues Big Update🌍Nr. 95🌍Zertrümmern oder Zertrümmert werden🌍!Discord
8052	updates	{Ger/Eng} Wer zuerst alle duellisten besiegt ist cooler! Feat @legginho
8054	updates	Künsterlisch entfalten in Meccha Chameleon | !tts !steam !deadlock !discord !sau
8058	updates	Satisfactory - Der Drang zur Automatisierung || EN/DE || Stream || !dc || Streamingpartner: @RGBois
8059	updates	Elektromagier ready für den ersten Boss! | Minecraft ATM10 Community Server von @1hrmn | !lurk !tts !discord
8062	samples	dead inside but locked in
8064	samples	Abendliche Morgen Runden | !tts !steam !deadlock !discord !sau
8065	samples	nooblock || komm rein, setz dich
8066	samples	nooblock || komm rein, setz dich
8069	samples	nooblock || komm rein, setz dich
8075	updates	{Ger/Eng} Ranked gold *text placeholder*
8076	updates	SEELENVERBINDUNG !dc !Regeln für Soullink um €€€ !wp !Vape
8082	samples	GiG (Geist ist Geil) SoloQ🌍Neues Big Update🌍Nr. 96🌍Zertrümmern oder Zertrümmert werden🌍!Discord
8089	updates	SEELENVERBINDUNG !dc !Regeln für Soullink um €€€ !wp !Vape
8091	updates	{Ger/Eng} Ranked gold *text placeholder*
8097	updates	Noobs in Hunt Showdown versuchen ihr Glück | Mit dem Bre @tschenzo99 | !lurk !tts !discord
8098	updates	SONNTAG 16:00 Uhr SEELENVERBINDUNG FINALE!!!  !dc !Regeln für Soullink um €€€ !wp !Vape
8099	samples	yo
8104	samples	Frechdachs Freitag einleiten
8107	samples	nooblock || komm rein, setz dich
8111	samples	🔴 Deadlock Stream | Ranked Climb | NEW PATCH VIN AND HOLLIDAY LETS SEE   !join !discord | Vindicta Bebop Holliday
8116	samples	lernen & lernen  [GER:ENG]
8117	samples	heute nur wins
8121	samples	mouse arrived
8122	samples	Neuster Patch testen
8125	updates	Neues Game SAND Testen, später Deadlock
8126	updates	{Ger/Eng} Race-si-oh! mit den jungens vom Dach!
8128	updates	dmu or kum or umad? prog p2
8131	samples	🔴 Deadlock Stream | Ranked Climb | NEW PATCH VIN AND HOLLIDAY LETS SEE   !join !discord | Vindicta Bebop Holliday
8134	updates	Elektromagier erkundet neue Dimensionen! | Minecraft ATM10 Community Server | !lurk !tts !discord
8136	updates	Gayming Abend mit Dschaschka
8138	samples	we go lose   [GER:ENG]
8141	samples	guten morgen laune   [GER:ENG]
8153	samples	Deadlock zum Schluss
8154	updates	{Ger/Eng} N paar cheevos und gleich noch was spezielles :O
8156	samples	🔴 Deadlock Stream | Ranked Climb | NEW PATCH VIN AND HOLLIDAY LETS SEE   !join !discord | Vindicta Bebop Holliday
8158	samples	go crazy go stupid
8160	samples	Focus on improving every match. 🔥 Play. Smile. Repeat. #PotatoAim
8170	samples	Deadlock Tag 5 |Glaube ich bin Süchtig | Customs Skins 10/10 | Demoted nach Seeker 6
8171	updates	{Ger/Eng} VOLL ABGESPACED! Ihm Weltenraum verloren gegangen und die Jungs wissen ned wo ich bin :O
8176	samples	heute nur wins
8177	updates	{Ger/Eng} VOLL ABGESPACED! Ihm Weltenraum verloren gegangen und die Jungs wissen ned wo ich bin :O
8179	updates	whats poppin
8182	samples	Road to Ascendant SoloQ spamming Vindicta
8183	updates	Euer Gold Midlaner des vertrauens | Irgendwelche Tipps? | !lurk !tts !discord
8196	samples	🔴 Deadlock Stream | Ranked Climb | NEW PATCH VIN AND HOLLIDAY LETS SEE   !join !discord | Vindicta Bebop Holliday
8198	samples	Chapter
8200	updates	Kingdom Come Deliverance 2 weiterspielen
8204	samples	Heute werden Ausreden produziert wie am Fließband - jetzt einschalten wird geil
8207	updates	TILTLINK FINALE ODER CHOOSE YOURE STARTER !dc !Regeln für Soullink um €€€ !wp !Vape
8208	samples	go crazy go stupid
8212	updates	{Ger/Eng} OOOOOH scaryyyyyy bohooo | Streamer hat keine angst vor diesem popel game
8224	updates	Morgen Neues Game wählt mit | Elektromagier lernt Beebreading | ATM10 Server | !lurk !tts !discord
8225	samples	bissl deadlock  [GER:ENG]
8226	updates	Korzer Stream
8237	samples	Chapter
8239	updates	{Ger/Eng} any appemps at 15cord
8240	samples	Focus on improving every match. 🔥 Play. Smile. Repeat. #PotatoAim
8241	samples	Heute werden Ausreden produziert wie am Fließband - jetzt einschalten wird geil
8244	samples	🔴 Deadlock Stream | Ranked Climb | NEW PATCH VIN AND HOLLIDAY LETS SEE   !join !discord | Vindicta Bebop Holliday
8245	updates	Neon Alliance versteckt sich
8246	updates	dmu or kum or umad? GNB Pov
8247	samples	das größte comeback 2026 - Eternus 5 tryhard grind
8248	updates	Bin wieder back vom Festival🔥
8252	samples	Eternus 3 + Mo
8255	updates	Eternus 3 + Mo
8261	updates	Absoluter HATER spielt das erste mal Expedition 33 | Not my GOTY | Danach eventuell Minecraft | !lurk !tts !discord
8263	samples	Chapter
8266	samples	Heute werden Ausreden produziert wie am Fließband - jetzt einschalten wird geil
8270	updates	Absoluter HATER spielt das erste mal Expedition 33 | Not my GOTY | Danach eventuell Minecraft | !lurk !tts !discord
8271	updates	Schritte sammeln danach zocken...
8273	samples	Road to Ascendant Tag 638
8274	samples	Road to Ascendant Tag 638
8275	samples	Road to Ascendant Tag 638
8276	samples	Road to Ascendant Tag 638
8278	samples	Road to Ascendant Tag 638
8280	samples	nooblock & evtl Gothic 1 Remake || komm rein, setz dich
8281	samples	Focus on improving every match. 🔥 Play. Smile. Repeat. #PotatoAim
8282	samples	Ultra tryhard zen mental grind - eternus 5
8283	samples	🔴 Deadlock Stream | Ranked Climb | NEW PATCH VIN AND HOLLIDAY LETS SEE   !join !discord | Vindicta Bebop Holliday
8284	updates	dmu or kum or umad? GNB Pov
8285	updates	dmu or kum or umad? GNB Pov
8289	samples	Chapter
8290	samples	GiG (Geist ist Geil) SoloQ🌍Neues Big Update🌍Nr. 97🌍Zertrümmern oder Zertrümmert werden🌍!Discord
8294	updates	{Ger/Eng} Ranking spielt wie bronze schreit wie platinum.
8301	samples	✅ MARATHON AUF YOUTUBE | FORZA MIT LENKRAD | [!TIKTOK !INSTA] | DENOS IS BACK 💜 Komm in mein' Chat, wir müssen REDEN
8303	updates	Absoluter HATER spielt Expedition 33 Teil 2 | Not my GOTY aber gut | !lurk !tts !discord
8305	updates	Low Elo q !dc !Regeln für Soullink um €€€ !wp !Vape
8309	samples	Bisschen Deadlock auf entspannt
8310	samples	Bisschen Deadlock auf entspannt
8314	samples	Chapter
8320	samples	Only LOOSE Challange heute. 1 Game win = stream aus
8323	samples	🔴 Deadlock Stream | Ranked Climb | NEW PATCH VIN AND HOLLIDAY LETS SEE   !join !discord | Vindicta Bebop Holliday
8325	updates	Auf der suche nach Ult Bot
8330	updates	Akt 3 💀 Der Weg des Ketzers geht weiter💀
8331	samples	The LASH SoloQ🌍Verschmiert²🌍Nr. 98🌍Zertrümmern oder Zertrümmert werden🌍!Discord
8344	samples	Heute werden Ausreden produziert wie am Fließband - jetzt einschalten wird geil
8345	updates	Absoluter HATER spielt Expedition 33 TEIL 3 | Not my GOTY aber wird besser | !lurk !tts !discord
8348	samples	🔴 Deadlock Stream | Ranked Climb | NEW PATCH VIN AND HOLLIDAY LETS SEE   !join !discord | Vindicta Bebop Holliday
8351	updates	Countdown bis AC BLACK FLAG RESYNCED || EN/DE || Stream || !dc || Streamingpartner: @RGBois
8356	updates	{Ger/Eng} Solo Rank weil mich keiner vom Bahnhof abgeholt hat!
8357	updates	[Drops] Endlich neue Sesong in Finals !hyperhyper
8358	updates	feierabend gothic || komm rein, setz dich
8359	samples	nooblock
8360	samples	🔴 Deadlock Stream | Ranked Climb | NEW PATCH VIN AND HOLLIDAY LETS SEE   !join !discord | Vindicta Bebop Holliday
8368	samples	Top 1000 EU Leaderboard climb geht weiter
8369	samples	Focus on improving every match. 🔥 Play. Smile. Repeat. #PotatoAim
8371	updates	Neuer CS Stuff!
8374	samples	Neues Build Testen Mit Osman
8375	samples	Deadlock comeback ? aufn weg zu Eternus  Asc 3 rn
8376	updates	qÔ.Ôp - Lasst uns leiden.
8380	updates	Low Elo q !dc !Regeln für Soullink um €€€ !wp !Vape
8381	updates	{Ger/Eng} My first souls like! BLIND
8382	samples	🔴 Deadlock Stream | Ranked Climb | PLAYING VIN AND HOLLIDAY - NERF YAMATO   !join !discord | Vindicta Bebop Holliday
8387	updates	Absoluter HATER spielt Expedition 33 TEIL 4 | Not my GOTY | Nicht überzeugt | !lurk !tts !discord
8392	updates	{Ger/Eng} Kleiner Guten Morgen run!
8393	samples	Neuer Patch weniger Glück
8396	samples	🔴 Deadlock Stream | Ranked Climb | PLAYING VIN AND HOLLIDAY - NERF YAMATO   !join !discord | Vindicta Bebop Holliday
8397	updates	Wir halten durch bis zum Update 🫡🫡🫡 | Deadlock deutsch Road2Eternus
8398	updates	neue season und keine cheater mehr!!!   [GER:ENG]
8399	samples	locke and key beste hehe
8406	samples	Focus on improving every match. 🔥 Play. Smile. Repeat. #PotatoAim
8416	updates	Duo Abend mit Jasko
8419	samples	🔴 Deadlock Stream | Ranked Climb | PLAYING VIN AND HOLLIDAY - NERF YAMATO   !join !discord | Vindicta Bebop Holliday
8421	updates	Absoluter HATER spielt Expedition 33 TEIL 5 | Esquie und seine Steine Grrr | !lurk !tts !discord
8422	samples	NEW PATCH VINDICTA AND SEVEN ACTION✨ JOIN HERE ✨ (GER/ENG)
8426	updates	{Ger/Eng} Rankierten vierten mit den hierten auf den nierten schierten
8428	updates	🛑[DHX] DROPS on?! | Täglich grüßt das Murmeltier |  FSK 18 | #BrainturnYELLY! #muchosexy || !live !commands !digga
8429	samples	wieder ein minor patch [GER:ENG]
8430	updates	🛑[DHX] DROPS on?! | Täglich grüßt das Murmeltier |  FSK 18 | #BrainturnYELLY! #muchosexy || !live !commands !digga
8437	updates	mirage ist eine loser map [GER:ENG]
8439	updates	Akt 4 Grind geht weiter 💀 Der Weg des Ketzers geht weiter💀 Heute Giveaway !giveaway
8441	updates	mirage ist eine loser map / stream delay für alle stalker <3 [GER:ENG]
8447	samples	🔴 Deadlock Stream | Ranked Climb | PLAYING VIN AND HOLLIDAY - NERF YAMATO   !join !discord | Vindicta Bebop Holliday
8449	samples	Focus on improving every match. 🔥 Play. Smile. Repeat. #PotatoAim
8450	updates	{Ger/Eng} Ranked. pls...
8455	updates	Tja da bin ich wieder - jetzt einschalten wird geil
8461	samples	🔴 Deadlock Stream | Ranked Climb |  Ranked Solo Q Vindicta + Holliday Gameplay  - NERF YAMATO   !join !discord | Vindicta Bebop Holliday
8463	samples	Tja da bin ich wieder - jetzt einschalten wird geil
8464	updates	Absoluter HATER spielt Expedition 33 TEIL 6 | Der alte Mann wird bluten dafür | !lurk !tts !discord
8466	updates	(DE) Dann wollen wir mal wieder wa?:D ( Day 1 )
8468	updates	🛑[DHX] DROPS <3 | Komm ins Cafe lass reden! |  FSK 18 | #BrainturnYELLY! #muchosexy || !live !commands !digga
8469	updates	No Hit Run Mortal Shell [GER:ENG]
8472	samples	🔴 Deadlock Stream | Ranked Climb |  Ranked Solo Q Vindicta + Holliday Gameplay  - NERF YAMATO   !join !discord | Vindicta Bebop Holliday
8474	updates	Mit Basch der aller Beste werden wie keiner vorher war...
8476	updates	(DE) kurzer Mittags Stream mit Aniimo <3
8479	updates	{Ger/Eng} Aschmong-gus mit so´n paar streamern und so und weiter
8481	samples	Focus on improving every match. 🔥 Play. Smile. Repeat. #PotatoAim
8482	samples	Deadlock zum Start
8485	samples	Heute Kontrollierter Kontrollverlust - jetzt einschalten wird geil
8486	samples	Prinz Zuko ftw🌍Verschmiert²🌍Nr. 100🌍Zertrümmern oder Zertrümmert werden🌍!Discord
8492	updates	lets see honeybee, shall we? ENG | DE
8493	updates	{Ger/Eng} Aschmong-gus mit so´n paar streamern und so und weiter
8495	samples	Heute Kontrollierter Kontrollverlust - jetzt einschalten wird geil
8497	updates	🛑[DHX] DROPS <3 | Komm ins Cafe lass reden! |  FSK 18 | #BrainturnYELLY! #muchosexy || !live !commands !digga
8501	samples	Deadlock comeback ? aufn weg zu Eternus  Asc 3 rn
8507	updates	Korzer Mittags-Stream
8510	samples	Focus on improving every match. 🔥 Play. Smile. Repeat. #PotatoAim
8511	updates	{Ger/Eng} scream stream es wird predeshittort
8512	samples	Deadlock
8513	samples	Duo Abend mit Jasko !dick
8516	updates	{Ger/Eng} scream stream es wird predeshittort
8517	samples	Prinz Zuko ftw🌍Verschmiert²🌍Nr. 101🌍Zertrümmern oder Zertrümmert werden🌍!Discord
8521	samples	Heute Kontrollierter Kontrollverlust - jetzt einschalten wird geil
8522	updates	@another_simon hat das BATTLE of the UNCs | HATER in Expidition geht weiter! | !lurk !tts !discord
8528	samples	GREEN DYNMAO
8529	samples	ROAD ROAD
8533	samples	Deadlock zum Start
8536	updates	🛑[DHX] DROPS <3 |We need to Talk!! Grinding|  FSK 18 | #BrainturnYELLY! #muchosexy || !live !commands !digga
8537	updates	Espace The bAckrooms bis ich kb mehr hab
8546	updates	{Ger/Eng} scream stream es wird predeshittort
8551	samples	Heute Kontrollierter Kontrollverlust - jetzt einschalten wird geil
8552	samples	Road to ET
8553	updates	[GER/ENG] MEGABONK!
8554	samples	Focus on improving every match. 🔥 Play. Smile. Repeat. #PotatoAim
8555	updates	{Ger/Eng} Ronked and stuff
8556	updates	CS mit Dschaschka und Sam !discord !steam !
8561	samples	🔴 Deadlock Stream | Ranked Climb |  Ranked Solo Q Vindicta + Holliday Gameplay  - NERF YAMATO   !join !discord | Vindicta Bebop Holliday
8563	samples	Piss low low Lobby
8565	samples	Heute Kontrollierter Kontrollverlust - jetzt einschalten wird geil
8572	samples	Mirage and Dynamo || EN/DE || Stream || !dc || Streamingpartner: @RGBois
8577	updates	Wingman zum Schluss
8580	updates	RE in the MATCH mit @lxcas_sbc
8582	samples	Deadlcok
8593	samples	l2p  🐾
8595	samples	l2p  🐾
8599	samples	Deadlocktime
8601	updates	{Ger/Eng} Was zum hecarim tue ich mir hier an....
8604	updates	Suche nach Guten ult bot
8605	samples	Focus on improving every match. 🔥 Play. Smile. Repeat. #PotatoAim
8608	updates	Paar Schritte sammeln auf süß
8609	samples	{Ger/Eng} mal wieder fishlock
8610	updates	Akt 4! Der einzig wahre Warhammer Stream
8615	samples	Heute Kontrollierter Kontrollverlust - jetzt einschalten wird geil
8620	updates	"Absoluter" HATER spielt Expedition 33 TEIL 8 | Axon deine Tage sind gezählt | !lurk !tts !discord
8621	updates	Mit den Pimmelbergern zocken
8625	samples	Jetzt mies Rein Trollen
8627	samples	Eternus 6 Warden Changing the World
8629	updates	RE IN THE MATCH mit @lxcas_sbc !drops activ
8632	samples	It´s a long long way to....😂 | Deadlock | Dynamo | Silver | Billy
8635	samples	Eternus 6 Warden Changing the World
8636	updates	{Ger/Eng} We be running! Short attempts for Sub 1:30 in 15 cards (ALSO NEW CUT NEW ME)
8637	samples	Focus on improving every match. 🔥 Play. Smile. Repeat. #PotatoAim
8643	updates	ONI MAIN
8651	samples	Wuhalla habibi ich gute Spielen diese Spiel
8653	updates	"Absoluter" HATER in Expedition 33 TEIL 9 | Endlich bei der Malerin...oder? | !lurk !tts !discord
8654	updates	{Ger/Eng} Göddle is der Marv kacki in diesem eaaaasy game...
8659	updates	E1 | New Player friendly
8661	samples	nooblock | m1 hero spam
8663	updates	Classic ist on God Classic
8668	samples	✋😐🤚╭∩╮( •̀_•́ )╭∩╮
8673	samples	🔴 Deadlock Stream | Ranked Climb |  Ranked Solo Q Vindicta + Holliday Gameplay  - NERF YAMATO   !join !discord | Vindicta Bebop Holliday
8677	updates	elo verlieren, und cheater  [GER:ENG]
8678	samples	Den Live Button wieder gefunden!!!
8679	updates	Taktik ist angesagt+.
8680	updates	DBD Surv/Killer [GER/ENG]
8681	updates	Finals Ranked Grind
8683	updates	"Absoluter" HATER in Expedition 33 TEIL 9 | Endlich bei der Malerin...oder? | !lurk !tts !discord
8688	samples	Ich bin erstaunlich entspannt für die Situation - jetzt einschalten wird geil
8689	samples	Coaching mit Smile und danach ein ppar Spiele
8691	samples	🔴 Deadlock Stream | Ranked Climb |  Ranked Solo Q Vindicta + Holliday Gameplay  - NERF YAMATO   !join !discord | Vindicta Bebop Holliday
8696	samples	Oracle Deadlock bislle dies das auf chillig
8697	samples	grinding to Eternus or losing every braincell trying
8700	samples	Deadcock oder maus!
8701	updates	Palworld Psychose geht weiter - Schabernack Samstag  zusammen mit Basch
8702	updates	🛑[DHX] DROPS <3 | We need to Talk!! Grinding! |  FSK 18 | #BrainturnYELLY! #muchosexy || !live !commands !digga
8703	updates	Moinsen Ballen ist angesagt!
8704	updates	Akt 5! Der einzig wahre Warhammer Stream
8706	samples	[1440p] Test mit klassischem Deadlock Bruch am Weekend
8708	samples	🔴 Deadlock Stream | Ranked Climb |  Ranked Solo Q Vindicta + Holliday Gameplay  - NERF YAMATO   !join !discord | Vindicta Bebop Holliday
8716	samples	wieder in deadlock  [GER:ENG]
8722	samples	🔴 Deadlock Stream | Ranked Climb |  Ranked Solo Q Vindicta + Holliday Gameplay  - NERF YAMATO   !join !discord | Vindicta Bebop Holliday
8730	updates	WO SIND ALLE HIN??? Malerin??? | "Absoluter" HATER in Expedition 33 TEIL 10 | !lurk !tts !discord
8731	samples	Heute gegen jede Empfehlung - jetzt einschalten wird geil
8732	updates	Moin
8737	updates	🛑[DHX] DROPS <3 | NIGHTSHIFT! Grinding?! |  FSK 18 | #BrainturnYELLY! #muchosexy || !live !commands !digga
8746	samples	[1440p] Deadlock Sonntag
8747	samples	16 Uhr Scrim Team Stream auf @dach_lock  [GER:ENG]
8750	samples	Heute gegen jede Empfehlung - jetzt einschalten wird geil
8753	samples	Focus on improving every match. 🔥 Play. Smile. Repeat. #PotatoAim
8754	samples	BACK WITH VINDICTA AND SEVEN ACTION✨ JOIN HERE ✨ (GER/ENG)
8755	samples	Scrim Matches Team Support Shiv vs Team 3
8761	updates	Clash bis zu Wm Finale !dc !Regeln für Soullink um €€€ !wp !Vape
8762	samples	Scrim Matches Team Tetrahex vs Team Urn Runners
8763	samples	grinding ranked until my dominance arrives or my sanity leaves
8768	samples	Eternus 6 Warden Changing the World
8771	samples	Scrim Matches Team Tetrahex vs Team Urn Runners
8772	samples	Scrim Matches Team Tetrahex vs Team Urn Runners
8774	updates	Neuer Midlaner Road to Gold | Try to not go crazy challenge (unmöglich) | !lurk !tts !discord
8777	samples	grinding ranked until my dominance arrives or my sanity leaves
8780	updates	CHOOSE YOURE STARTER ICANT !dc !Regeln für Soullink um €€€ !wp !Vape
8781	updates	🛑[DHX] DROPS | Der frühe Vogel hat ein Vogel! |  FSK 18 | #BrainturnYELLY! #muchosexy || !live !commands !digga
8786	samples	Focus on improving every match. 🔥 Play. Smile. Repeat. #PotatoAim
8789	updates	Heute das große Finale!!!!
8791	samples	BACK WITH VINDICTA AND SEVEN ACTION✨ JOIN HERE ✨ (GER/ENG)
8792	samples	✋😐🤚╭∩╮( •̀_•́ )╭∩╮
8796	samples	Eternus 6 Warden Changing the World
8797	samples	Kontrollverlust mit System - jetzt einschalten wird geil
8806	updates	Dings äh bin da, wer noch?
8811	samples	Win-Challenge
8813	samples	🔴NIGHT🔴DEADLOCK🔴10 BAJILLION KILLS🔴!insta !stats !yarrak
8825	samples	Win-Challenge
8826	samples	BACK WITH VINDICTA ACTION TRYING HAZE?✨ JOIN HERE ✨ (GER/ENG)
8831	updates	DayZ Chims Server PVE later maybe deadlock  [GER:ENG]
8832	samples	Kontrollverlust mit System - jetzt einschalten wird geil
8837	updates	Käsiger Michael spielt Surv/Killer
8838	updates	How to Cumback !dc !Regeln für Soullink um €€€ !wp !Vape
8839	updates	Der neue im wilden Westen | Besser werden in HUNT | Wählt nächstes Game aus!!! | !lurk !tts !discord
8840	updates	How to Cumback !dc !Regeln für Soullink um €€€ !wp !Vape
8843	updates	🛑[DHX] DROPS | Team NO SLEEP, Willkommen in der Nightlounge! |  FSK 18 | #BrainturnYELLY! #muchosexy || !live !commands !digga
8844	samples	nooblock | m1 hero spam
8845	samples	DEADLOCK vs. THE FINALS ⚡ Welches Game gibt mehr Wins? !rank !steam !deadlock !finals
8849	updates	🛑[DHX] DROPS!?! | TUNIER! Die Jungs am Start... |  FSK 18 | #BrainturnYELLY! #muchosexy || !live !commands !digga
8851	samples	Learning. Climbing. Smiling 🔥 Play. Smile. Repeat. #PotatoAim
8853	updates	Käsiger Michael spielt Surv/Killer
8854	samples	BACK WITH VINDICTA ACTION TRYING SEVEN✨ JOIN HERE ✨ (GER/ENG)
8858	updates	Letzter Stream vorm Urlaub! Jeder kann mitspielen
8861	samples	Daddylock
8865	samples	Win-Challenge
8867	updates	Marathon later DayZ Chims Server PVE   [GER:ENG]
8869	updates	How to Cumback !dc !Regeln für Soullink um €€€ !wp !Vape
8879	samples	nooblock | m1 hero spam
8880	samples	🔥 DEADLOCK & THE FINALS HEUTE LIVE!! Abends checken wir das NEUE HALO 🚀 !rank !steam !deadlock !finals
8886	updates	[GER/ENG] Those Peasants!
8887	samples	Learning. Climbing. Smiling 🔥 Play. Smile. Repeat. #PotatoAim
8889	samples	deadlock n00b
8894	updates	🛑[DHX] DROPS!?! | Mit @Legend_Luca auf Klettern und labbern |  FSK 18 | #BrainturnYELLY! #muchosexy || !live !commands !digga
8900	samples	BACK WITH VINDICTA GREY TALON TRYING WARDEN ✨ JOIN HERE ✨ (GER/ENG)
8939	samples	Kontrollverlust mit System - jetzt einschalten wird geil
8941	samples	Win-Challenge
8947	samples	DeadLock Grind bei Nacht  😭 !followergoal
8949	updates	[GER/ENG] Those Peasants! Short Stream
8951	samples	nooblock | m1 hero spam
8958	updates	Duo Abend mit Dschaschka & co. !rank !steam !deadlock !finals
8959	samples	90% Yap, 10% Skill 🔥 Play. Smile. Repeat. #PotatoAim
8960	samples	BACK WITH VINDICTA GREY TALON TRYING WARDEN ✨ JOIN HERE ✨ (GER/ENG)
8961	updates	DayZ Chims Server PVE we do quests & stuff    [GER:ENG]
8965	samples	Dead to the Lock, later maybe Valo
8967	updates	🛑[DHX] DROPS!?! | Nimm Platz in der Chillounge und werde Teil :) |  FSK 18 | #BrainturnYELLY! #muchosexy || !live !commands !digga
8968	samples	Win-Challenge
8976	updates	HUNT SHOWDOWN von Teammates getrollt werden  | Wählt nächstes Game aus!!! | !lurk !tts !discord
8993	samples	90% Yap, 10% Skill 🔥 Play. Smile. Repeat. #PotatoAim
8995	samples	🔴 MM UPDATE SOON LETS GO   | Deadlock Gameplay | Vindicta Bebop Holliday
8998	samples	Win-Challenge
8999	samples	BACK WITH VINDICTA GREY TALON TRYING WARDEN ✨ JOIN HERE ✨ (GER/ENG)
9000	samples	Ab hier übernimmt der Zufall - jetzt einschalten wird geil
9008	samples	🔴 MM UPDATE SOON LETS GO   | Deadlock Gameplay | Vindicta Bebop Holliday
9009	samples	chill Deadlock ranked, winning lanes and losing braincells
9010	updates	Der neue im wilden Westen | Wo gehen meine Schüsse hin??? | Stimmt mit, was zocken wir als nächstes? | !lurk !tts !discord
9011	samples	warden player eternus 6
9012	updates	Der neue im wilden Westen | Wo gehen meine Schüsse hin??? | Stimmt mit, was zocken wir als nächstes? | !lurk !tts !discord
9014	samples	nächstes wochenende turnier auf @dach_lock  [GER:ENG]
9022	samples	SUPER FRESHER TYP SPIELT TODESLOCK UND GEWINNT?! WANN NEUE PATCH?
9031	samples	🔴 MM UPDATE SOON LETS GO   | Deadlock Gameplay | Vindicta Bebop Holliday
9034	samples	mm patch waiting room/ nächstes wochenende turnier auf @dach_lock  [GER:ENG]
9035	samples	Heute alle Schädel in Halo sammeln + TheFinals & Dedlog !deadlock !finals !dick
9036	samples	90% Yap, 10% Skill 🔥 Play. Smile. Repeat. #PotatoAim
9037	samples	[1440p] Den Live Button wieder gefunden!!!
9038	samples	90% Yap, 10% Skill 🔥 Play. Smile. Repeat. #PotatoAim
9044	samples	Ab hier übernimmt der Zufall - jetzt einschalten wird geil
9045	samples	mm patch waiting room/ nächstes wochenende turnier auf @dach_lock  [GER:ENG]
9056	updates	Mir ist langweilig
9057	samples	EN/DE Deadlock phantom grind Der frühe Vogel fängt den wurm rem main
9058	samples	warden player eternus 6
9061	samples	ROAD TO ETERNUS! GER/ENG
9062	samples	es geht weiter bergab! | m1 hero spam
9066	updates	#1 TheFinals Wurfmesser enjoyer, später Dedlogg !deadlock !finals !dick
9067	samples	ROAD TO ETERNUS! GER/ENG
9068	samples	Educational Content: Learn what NOT to do 🔥 Play. Smile. Repeat. #PotatoAim
9072	samples	Ab hier übernimmt der Zufall - jetzt einschalten wird geil
9080	updates	🛑[DHX] DROPS!?! | Es ist  MONTAGGGGGG  |  FSK 18 | #BrainturnYELLY! #muchosexy || !live !commands !digga
9087	samples	Deadlock Update heute?
9092	samples	VINDICTA GREY TALON SOON PATCH? ✨ JOIN HERE ✨ (GER/ENG)
9097	samples	warden player eternus 6
9098	updates	Spirit main(maybe?) testing killers JOIN STREAM
9101	samples	ROAD TO ETERNUS! GER/ENG
9103	samples	mm patch die woche? maybe / dieses wochenende turnier auf @dach_lock  [GER:ENG]
9104	samples	warden player eternus 6
9105	updates	🛑[DHX] DROPS!?! | Es ist  MONTAGGGGGG  |  FSK 18 | #BrainturnYELLY! #muchosexy || !live !commands !digga
9106	samples	nooblock | m1 hero spam
9107	updates	[GER/ENG] No Death Run, Blind!
9108	samples	Educational Content: Learn what NOT to do 🔥 Play. Smile. Repeat. #PotatoAim
9109	updates	[GER/ENG] No Death Run Vorbereitungen!
9111	samples	Deadlocktime
9114	updates	Spirit main(maybe?) testing killers JOIN STREAM
9117	samples	Ab hier übernimmt der Zufall - jetzt einschalten wird geil
9119	samples	mm patch die woche? maybe / dieses wochenende turnier auf @dach_lock  [GER:ENG]
9121	updates	Bissl CS2 or we or wa
9123	updates	Wo gehen meine Schüsse hin??? | !lurk !tts !discord
9129	samples	EN/DE Deadlock leaderboard rem grind!
9131	updates	How to Cumback Flexq !dc !Regeln für Soullink um €€€ !wp !Vape
9135	samples	Goon Deadlock Session mit den goon Boys auf Goon basis
9140	samples	EN/DE Deadlock leaderboard rem grind!
9141	samples	warden player eternus 6
9143	samples	warden player eternus 6
9144	samples	Educational Content: Learn what NOT to do 🔥 Play. Smile. Repeat. #PotatoAim
9146	updates	League Classic ist live !
9151	samples	🔴 MM UPDATE SOON LETS GO   | Deadlock Gameplay | Vindicta Bebop Holliday
9152	samples	Makka Kameleon um 20Uhr mit den Bois
9156	samples	deadlock ist toll / dieses wochenende turnier auf @dach_lock  [GER:ENG]
9158	samples	Deadlock Update heute?
9165	samples	warden player eternus 6
9171	samples	Goon Deadlock Session mit Mo
9172	samples	Join us - Let's learn Deadlock together! 🔥 Play. Smile. Repeat. #PotatoAim
9173	samples	Es gab einen Plan. Mehr oder weniger- jetzt einschalten wird geil
9179	samples	🔴 MM UPDATE SOON LETS GO   | Deadlock Gameplay | Vindicta Bebop Holliday
9180	samples	Goon Deadlock Session mit Mo
9183	updates	abkacken
9190	samples	warden player eternus 6
9191	updates	How Flexq !dc !Regeln für Soullink um €€€ !wp !Vape
9192	samples	Rein in Ranked | Deadlock Update IST DA!!!!
9195	samples	bin endlich brick rang!!!  @dach_lock  [GER:ENG]
9196	samples	NEW MATCHMAKING PATCH  ✨ JOIN HERE ✨ (GER/ENG)
9202	updates	DARK SOULS als Extraction shooter? | Wir testen Mistfall Hunter | !lurk !tts !discord
9204	samples	NEW UPDATE Ex Asc 6 Vyper otp
9207	updates	abkacken
9210	samples	bin endlich brick rang!!!  @dach_lock  [GER:ENG]
9211	samples	bin endlich brick rang!!!  @dach_lock  [GER:ENG]
9216	updates	DIe sucht hat nun auch Twitch ereicht ;/
9219	samples	warden player eternus 6
9224	updates	Yoshi hat uns erlöst, einrank Games sweaten!! 💦💦 Comeback feiern | Deadlock deutsch Road2Eternus
9226	samples	Join us - Let's learn Deadlock together! 🔥 Play. Smile. Repeat. #PotatoAim
9227	samples	brick rank woop woop/ morgen 16:00 Uhr Scrim Turnier auf @dach_lock  [GER:ENG]
9229	samples	Heute wird eingeranked | Deadlock Ranked
9230	samples	Heute wird eingeranked | Deadlock Ranked
9235	samples	🔴 MM UPDATE DROPPED — LET’S CRANK RANKED | Deadlock Gameplay | Vindicta Bebop Holliday !discord !clip
9237	samples	Frechdachs-Freitag einleiten & ins neue Deadlock Update schauen
9241	samples	Es gab einen Plan. Mehr oder weniger- jetzt einschalten wird geil
9242	updates	Mistfall weiter lernen! | Der beste Zauberer den niemand gesehen hat | !lurk !tts !discord
9247	samples	[1440p] Den Live Button wieder gefunden!!!
9261	samples	Professioneller Int Stream
9264	updates	💙Der frühe Vogel holt sich die Wins! Einrank Games (Oracle holen)💙 | Deadlock deutsch Road2Eternus
9265	updates	[GER/ENG] No Death Run Vorbereitungen!
9270	updates	[GER/ENG] Dark Souls 3 macht Spaß!
9274	samples	DEADLOCK LOW PRIORITY Q😱NEUES UPDATE😱SLAYR/CARTI GLAZER #1 😱!discord !prime #Werbung
9276	samples	🔴 MM UPDATE DROPPED — LET’S CRANK RANKED | Deadlock Gameplay | Vindicta Bebop Holliday !discord !clip
9278	updates	💙Oracle grind (das neue Eternus)💙 | Deadlock deutsch Road2Eternus
9281	samples	Join us - Let's learn Deadlock together! 🔥 Play. Smile. Repeat. #PotatoAim
9283	samples	Neues deadlock update dont mind if i doo
9284	samples	Es gab einen Plan. Mehr oder weniger- jetzt einschalten wird geil
9285	samples	Neues MM testen
9286	samples	🔴 MM UPDATE DROPPED — LET’S CRANK RANKED | Deadlock Gameplay | Vindicta Bebop Holliday !discord !clip
9288	samples	Neues deadlock update dont mind if i doo
9295	samples	XXL WinChallenge🤩💥Sa-So Letzter Stream🔥!warum !socials
9297	samples	Neues deadlock update dont mind if i doo
9301	samples	Helden für Ranked freischalten | Deadlock Ranked
9308	samples	🔴 MM UPDATE DROPPED — LET’S CRANK RANKED | Deadlock Gameplay | Vindicta Bebop Holliday !discord !clip
9314	samples	Neues deadlock update dont mind if i doo
9317	samples	Es gab einen Plan. Mehr oder weniger- jetzt einschalten wird geil
9326	samples	Wuwa wisel das rentier
9331	samples	Kein Bebop Mehr ;(
9336	samples	Join us - Let's learn Deadlock together! 🔥 Play. Smile. Repeat. #PotatoAim
9337	samples	🔴 MM UPDATE DROPPED — LET’S CRANK RANKED | Deadlock Gameplay | Vindicta Bebop Holliday !discord !clip
9338	samples	💙Oracle grind (das neue Eternus)💙 | Deadlock deutsch Road2Eternus
9345	updates	sage minion testing
9346	samples	lock in for gooning
9349	samples	Helden für Ranked freischalten | Deadlock Ranked
9350	samples	Es gab einen Plan. Mehr oder weniger- jetzt einschalten wird geil
9363	samples	Scrim Match Team Urn Runners vs Team Tetrahex | Caster @zro_dl @earlysalty
9365	samples	GRINDING NEW MATCHMAKING PATCH  ✨ JOIN HERE ✨ (GER/ENG)
9373	samples	Scrim Match Team Urn Runners vs Team Tetrahex | Caster @zro_dl @earlysalty
9380	samples	normal games hero unlocks   [GER:ENG]
9381	samples	Letztes Ranked game Spielen für Ranked
9389	samples	Letztes Ranked game Spielen für Ranked
9405	samples	Join us - Let's learn Deadlock together! 🔥 Play. Smile. Repeat. #PotatoAim
9407	samples	🔴 MM UPDATE DROPPED — LET’S CRANK RANKED | Deadlock Gameplay | Vindicta Bebop Holliday !discord !clip
9426	samples	verlieren only challenge!  [GER:ENG]
9431	samples	Deadlock Vyper Otp Oracle Gameplay
9441	samples	placements
9444	samples	Join us - Let's learn Deadlock together! 🔥 Play. Smile. Repeat. #PotatoAim
9446	samples	🔴 Birthday stream — RANKED GRIND | Deadlock Gameplay | Vindicta Bebop Holliday !discord !clip
9456	samples	Manche Lektionen kosten Nerven - jetzt einschalten wird geil
9466	samples	Gutes Update brauche 15 wins deswegen random champs :D
9472	samples	Deadlock Vyper Otp rn Oracle 5 Gameplay top 1400 Eu
9479	samples	Gutes Update brauche 15 wins deswegen random champs :D
9483	samples	Gutes Update brauche 15 wins deswegen random champs :D
9488	samples	❗7er Winstreak !!! heute noch Phantom?❗ | Deadlock deutsch Road2Eternus
9490	samples	Join us - Let's learn Deadlock together! 🔥 Play. Smile. Repeat. #PotatoAim
9493	samples	🔴 RANKED GRIND | Deadlock Gameplay | Vindicta Bebop Holliday !discord !clip
9501	samples	GRINDING NEW MATCHMAKING PATCH  ✨ JOIN HERE ✨ (GER/ENG)
9519	samples	Manche Lektionen kosten Nerven - jetzt einschalten wird geil
9522	samples	Gutes Update brauche 15 wins deswegen random champs :D
9524	samples	Deadlocki Ranked 5er Winning Streak
9525	samples	Deadlocki Ranked 2er Winning Streak
9528	samples	deadlock sucht
9533	samples	❗4er Winstreak ❗ Heute noch Phantom? | Deadlock deutsch Road2Eternus
9538	samples	🔴 RANKED GRIND | Deadlock Gameplay | Vindicta Bebop Holliday !discord !clip
9546	samples	heroes freischalten / morgen HNX LAN 2026 Freitag-Sonntag [GER:ENG]
9558	samples	Deadlock
9560	samples	Manche Lektionen kosten Nerven - jetzt einschalten wird geil
9562	samples	Deadlock
9566	samples	RANKED ROAD TO ETERNUS! GER/ENG
9568	samples	Deadlock
9576	samples	DeadlockI Normals
9577	samples	Locked In |   Power Music | Ranked Climb 🔥 Play. Smile. Repeat. #PotatoAim
9578	samples	🔴 RANKED GRIND | Deadlock Gameplay | Vindicta Bebop Holliday !discord !clip
9582	samples	GRINDING NEW MATCHMAKING PATCH  ✨ JOIN HERE ✨ (GER/ENG)
9589	samples	Oracle to Phantom grind: watch me carry or get carried
9591	samples	Ich will hier raus!!! | Deadlock Ranked
9596	samples	Manche Lektionen kosten Nerven - jetzt einschalten wird geil
9605	samples	Dieser Stream riecht nach frisch nach Banane
9607	samples	deadlock sucht
9614	samples	Top 1000 EU pushen und Phantom hitten!! | Deadlock deutsch Road2Eternus
9620	samples	[1440p] Den Live Button wieder gefunden!!!
9624	samples	Ich will hier raus!!! | Deadlock Ranked
9629	samples	🔴 RANKED GRIND | Deadlock Gameplay | Vindicta Bebop Holliday !discord !clip
9636	samples	GRINDING MATCHMAKING GT VINDICTA MINA  ✨ JOIN HERE ✨ (GER/ENG)
9641	samples	Der Plan war nie, klein anzufangen - jetzt einschalten wird geil
9651	samples	Ich will hier raus!!! | Deadlock Ranked
9652	samples	🔴 RANKED GRIND | Deadlock Gameplay | Vindicta Bebop Holliday !discord !clip
9656	samples	4 fun player -- weekend vibess
9665	samples	Late Night No Name Lobbys
9668	samples	s2 soon profound
9672	samples	[1440p] Den Live Button wieder gefunden!!!
9677	samples	Ich will hier raus!!! | Deadlock Ranked
9679	samples	Locked In |   Power Music | Ranked Climb 🔥 Play. Smile. Repeat. #PotatoAim
9691	samples	🔴 RANKED GRIND | Deadlock Gameplay | Vindicta Bebop Holliday !discord !clip
9708	samples	Der Plan war nie, klein anzufangen - jetzt einschalten wird geil
9709	samples	DEADLOCK RANKED😱NEUES UPDATE😱SLAYR/CARTI GLAZER #1 😱!discord !prime #Werbung
9721	samples	Deadlock Rankiti MOOOO und Kill
9722	samples	Bisschen zocken
9724	samples	nooblock | 3/38 ranked unlocks
9729	samples	Locked In | Power Music | Ranked Climb 🔥 Play. Smile. Repeat. #PotatoAim
9738	samples	"What is your favorite block in minecraft?" | TRYING POCKET | Road to Eternus | 75hz Gaming  | !socials
9739	samples	[1440p] Den Live button wieder gefunden!!!
9745	samples	GRINDING MATCHMAKING GT VINDICTA MINA  ✨ JOIN HERE ✨ (GER/ENG)
9747	updates	Giants Franchise weiter spielen und etwas Ultimate Team im Anschluss
9749	samples	nice matchmaking yoshi Soloq weil Ein Mann Armee - jetzt einschalten wird geil
9755	updates	Weltenbosse, ihr seid nicht sicher vor Prof. Snape | Direkt in den Bruch | Server Laggs GRRRR | !lurk !tts !discord !clip
9758	samples	No Name Lobbys
9760	samples	Ich will hier raus!!! | Deadlock Ranked
9766	samples	world changing phantom player
9767	updates	🛑[DHX | Der frühe Wurm schlägt den Vogel! |  FSK 18 | #BrainturnYELLY! #muchosexy || !live !commands !digga
9768	updates	[Drops] Nachtigal
9769	samples	Deadlock Bruch mit Skifahrer TV
9770	samples	nooblock | noch 3x shiv bis ranked!
9782	samples	world changing phantom player
9785	samples	Locked In | Power Music | Ranked Climb 🔥 Play. Smile. Repeat. #PotatoAim
9790	samples	🔴 RANKED GRIND | Deadlock Gameplay | Vindicta Bebop Holliday !discord !clip
9799	updates	Söldner macht so Spaaaßßßß | Aiden Pearce im Mittelalter | !lurk !tts !discord !clip
9803	samples	Scrim Practice Match Team Shiv Support vs Team Urn Runners | Caster @zro_dl Nimo
9810	samples	[Drops] Mit Dschaschka nach Banane riechen
9811	samples	"Where does darth vader get his shoes from" | TRYING POCKET | Road to Eternus | 75hz Gaming  | !socials
9813	samples	🏅Wir lernen Mo🏅Eco Shard Ivy
9822	samples	DEADLOCKIN TRY
9823	samples	Deadlock
9824	samples	nooblock | calibrating
9827	samples	"Where does darth vader get his shoes from" | TRYING POCKET | Road to Eternus | 75hz Gaming  | !socials
9828	samples	🏅Wir lernen Mo🏅Mit Eco Shard Ivy back zu Oracle
9831	samples	nooblock | ranked
9833	updates	🛑[DHX | "Entspannt" Marvel mit @tojazenin lets go! Und Streamsupport |  FSK 18 | #BrainturnYELLY! #muchosexy || !live !commands !digga
9837	samples	warden finishing placements
9838	samples	🏅Wir lernen Mo🏅Mit Eco Shard Ivy back zu Oracle
9839	samples	Locked In | Power Music | Ranked Climb 🔥 Play. Smile. Repeat. #PotatoAim
9844	updates	Giants Franchise weiterspielen! Go Giants
9849	samples	🔴 RANKED GRIND | Deadlock Gameplay | Vindicta Bebop Holliday !discord !clip
9852	samples	🔴 RANKED GRIND | Deadlock Gameplay | Vindicta Bebop Holliday !discord !clip
9853	samples	🔴 RANKED GRIND | Deadlock Gameplay | Vindicta Bebop Holliday !discord !clip
9854	updates	[Drops] Spieler beim Boot
9868	samples	🏅Wir lernen Mo🏅Mit Eco Shard Ivy nach ganz oben
9872	samples	Deadlock Night Shift Deutscher Cast mit @purebacon_ und @earlysalty
9876	updates	🛑[DHX | We are back Lord HOOD|  FSK 18 | #BrainturnYELLY! #muchosexy || !live !commands !digga
9880	samples	nooblock | ranked
9887	samples	nooblock | ranked unterste schublade
9889	samples	Deadlock daddeln & später Tarkov + Maus Switches wechseln sobald UPS da war
9893	updates	🛑[DHX | Einer dieser Tage mal wieder, komm ins Cafe!  | #BrainturnYELLY! #muchosexy || !live !commands !digga
9894	samples	Locked In | Power Music | Ranked Climb 🔥 Play. Smile. Repeat. #PotatoAim
9897	samples	nice matchmaking yoshi Soloq weil Ein Mann Armee - jetzt einschalten wird geil
9899	samples	Rein in Ranked
9900	samples	mal gucken wie lange bis zum Bruch. New PATCH!  - jetzt einschalten wird geil
9901	samples	🔴 RANKED GRIND | Deadlock Gameplay | Vindicta Bebop Holliday !discord !clip
9903	samples	"Where does darth vader get his shoes from" | TRYING POCKET | Road to Eternus | 75hz Gaming  | !socials
9905	samples	🏅Wir lernen Wraith🏅Mit Eco Shard Ivy nach ganz oben
9918	samples	[Drops] Tarkov mit dem Cpt. Jasko
9930	samples	dead und lock  / Valo 1 Platz und CS2 3 Platz HnXLAN 2026 [GER:ENG]
9935	updates	🛑[DHX | Spaß, Freude nur noch du fehlst! | #BrainturnYELLY! #muchosexy || !live !commands !digga
9936	updates	Soulhunt Event!
9938	samples	phantom 4 gaming world changing warden
9944	samples	NEW VIDEO ON !socials | TRYING POCKET | Road to Eternus | 75hz Gaming
9947	samples	Chilly Vanilly - Deadlock
9950	samples	Locked In | Power Music | Ranked Climb 🔥 Play. Smile. Repeat. #PotatoAim
9956	updates	Soulhunt Event!
9958	samples	🔴 RANKED GRIND | Deadlock Gameplay | Vindicta Bebop Holliday !discord !clip
9962	updates	Ultimate Team Ranked
9964	samples	why fall in love when you can just fall down the stairs?  / morgen deadlock scrim match auf @dach_lock [GER:ENG]
9968	samples	normal queue für ein paar games unsischer machen
9972	samples	NEW VIDEO ON !socials | TRYING POCKET | Road to Eternus | 75hz Gaming
9976	samples	Rein in Ranked
9977	samples	grinding Deadlock until I win or I finally accept my rank
9978	updates	Wir bauen und beleidigen! Also guck rein
9983	samples	mal gucken wie lange bis zum Bruch - jetzt einschalten wird geil
9985	samples	[Drops] Gleich Tarkov mit Jasko
9986	samples	why fall in love when you can just fall down the stairs? / morgen deadlock scrim match auf @dach_lock [GER:ENG]
9987	samples	🏅Blues Musik🏅Mit Eco Shard Ivy nach ganz oben
9988	updates	Wer braucht schon Diplomatie, wenn man ein Katapult hat?
10000	updates	Solo Expert No Death Practice!  [GER:ENG]
10005	updates	CHOOSE YOURE STARTER How Seelenverbindung zurückkommen !dc !Regeln für Soullink um €€€ !wp !Vape
10019	samples	Locked In | Power Music | Ranked Climb 🔥 Play. Smile. Repeat. #PotatoAim
10021	samples	Scrim Match Support Shiv vs Return Fire Department @zro_dl und @purebacon_
10024	samples	🔴 RANKED GRIND | Deadlock Gameplay | Vindicta Bebop Holliday !discord !clip
10025	samples	Warden Grind | Phantom 4
10034	samples	NEW VIDEO ON !socials | UNLOCKING APOLLO | Road to Eternus | 75hz Gaming
10035	updates	Solo Expert No Death Practice!  [GER:ENG]
10041	updates	Solo Expert No Death Practice!  [GER:ENG]
10045	updates	Shift at Midnight und Crime Simulator DLC mit @tschenzo99  | Kommt rein, wird niiiiiiiice | !lurk !tts !discord !clip
10046	samples	mal gucken wie lange bis zum Bruch - jetzt einschalten wird geil
10047	samples	was soll ich sagen deadlock halt   [GER:ENG]
10056	updates	IRL onTour - Garnelen fischen!? Lost places ? Wer weiß| #BrainturnYELLY! #muchosexy || !live !commands !digga
10058	updates	IRL onTour - Garnelen fischen!? Lost places ? Wer weiß| #BrainturnYELLY! #muchosexy || !live !commands !digga
10059	updates	[Drops] Tarkov mit Jasko
10060	updates	IRL onTour - Garnelen fischen!? Lost places ? Wer weiß| #BrainturnYELLY! #muchosexy || !live !commands !digga
10061	updates	No Death Practice Runs  [GER:ENG]
10062	updates	Nightaction mit @tojazenin @plux97 und euch  | #BrainturnYELLY! #muchosexy || !live !commands !digga
10063	samples	💀BIG games💀BIG mistakes💀DEADLOCK today💀
10070	samples	Rein in Ranked
10072	samples	20 Uhr Scrim Match auf @dach_lock  [GER:ENG]
10073	samples	Locked In | Power Music | Ranked Climb 🔥 Play. Smile. Repeat. #PotatoAim
10074	samples	🔴 RANKED GRIND | Deadlock Gameplay | Vindicta Bebop Holliday !discord !clip
10075	samples	Heute wird Selbstvertrauen getestet - jetzt einschalten wird geil
10080	samples	NEW VIDEO ON !socials | UNLOCKING MIRAGE| Road to Eternus | 75hz Gaming
10085	updates	Unterwegs mit @plux97, ein Streamer wird geboren | #BrainturnYELLY! #muchosexy || !live !commands !digga
10089	updates	Das Biest erlegen [Finale] [Schwer] | Beast of Reincarnation
10090	samples	🔴 RANKED GRIND | Deadlock Gameplay | Vindicta Bebop Holliday !discord !clip
10091	samples	Scrim Match Tetrahex vs Urn Runner | @zro_dl und @purebacon_
10092	samples	[Drops] Tarki Time mit Dschaschka
10095	samples	Ich spiele etwas. Mit Bardiir
10099	samples	Back mit BO2 Camo-Grind (FML) - Test Stream
10101	samples	Warden Grind | Phantom 4
10102	updates	Back in Mistfall! | Parrieren ist mein Hobby | Aiden Pearce im Mittelalter | !lurk !tts !discord !clip
10103	samples	Neu in Deadlock # SACHMASCHALKE
10106	updates	just a game [GER:ENG]
10110	samples	just a game [GER:ENG]
10116	samples	Gutes Update brauche 15 wins deswegen random champs :D
10117	samples	NEW VIDEO ON !socials | UNLOCKING MIRAGE| Road to Eternus | 75hz Gaming
10120	samples	unterste schublade
10123	samples	GRINDING MATCHMAKING GT VINDICTA WARDEN? ✨ JOIN HERE ✨ (GER/ENG)
10127	samples	GRINDING MATCHMAKING GT VINDICTA WARDEN? ✨ JOIN HERE ✨ (GER/ENG)
10129	samples	🔴 RANKED GRIND | Deadlock Gameplay | Vindicta Bebop Holliday !discord !clip
10131	samples	Ranked tryhard grind - Oracle 6 start
10134	samples	Heute wird Selbstvertrauen getestet - jetzt einschalten wird geil
10136	samples	Rein in Ranked
10139	updates	Rogue Trader Run geht weiter! Akt 1
10145	samples	Sehr wahrscheinlicher Bruch Stream
10146	updates	Kleiner IRL - Chris& La Policia und Globus auf die eins! @tojazenin & @plux97 | #BrainturnYELLY! #muchosexy || !live !commands !digga
10157	samples	Warden Grind | Phantom 4
10159	samples	kaffee und deadlock   [GER:ENG]
10166	updates	Ab in die Mine
10178	samples	Celeste Movement Workout und dann durch die Elo Hölle <(^^<)
10182	samples	NEW VIDEO ON !socials | UNLOCKING MIRAGE| Road to Eternus | 75hz Gaming
10184	samples	🔴 RANKED GRIND | Deadlock Gameplay | Vindicta Bebop Holliday !discord !clip
10187	samples	wann ranked grind    [GER:ENG]
10194	samples	Holiday in normals üben into ranked später - phantom 1 start
10198	updates	Marvel Hate/Love it | #BrainturnYELLY! #muchosexy || !live !commands !digga
10199	samples	Heute wird Selbstvertrauen getestet - jetzt einschalten wird geil
10201	samples	Deadlock Otp Vyper Phantom 1 rn
10202	samples	Phantom grind continues, braincells sold separately
10208	samples	einfach ins ranked    [GER:ENG]
10217	samples	Warden Grind | Phantom 4
10218	samples	Deadlock Time
10220	samples	Chilly Vanilly - Deadlock
10227	samples	RANKED DEADLOCK BILLY ABRAMS BILYL ABRAMS o_O
10228	samples	MINA HAAAAA | MINA/CELE/POCK | Road to Eternus | 75hz Gaming
10239	samples	Phantom 1 tryhard ranked grind
10241	updates	Rogue Trader Run geht weiter! Finale Akt 1
10243	samples	🔴 RANKED GRIND | Deadlock Gameplay | Vindicta Bebop Holliday !discord !clip
10250	samples	PLAYING EVIL DEADLOCK 😈| MINA/CELE/POCK | Road to Eternus | 75hz Gaming
10253	samples	GRINDING MATCHMAKING SEVEN GT VINDICTA  ✨ JOIN HERE ✨ (GER/ENG)
10254	samples	Mo&Krill to the top // 15 siiege für ranked sammeln #duo
10255	samples	Deadlock & danach Tarki Time mit Jaskovich
10256	samples	Warden Grind | Phantom 4
10257	samples	Deadlock & danach Tarki Time mit Jaskovich
10260	samples	[Ger/Eng] Deadlock💀
10266	updates	Tarki Time mit Jaskovich
10268	samples	Tag 8 Deadlock neu lernen, harte Zeiten
10270	updates	Marvel Hate/Love it  | #BrainturnYELLY! #muchosexy || !live !commands !digga
10271	updates	Nachtwache hinten rein mit Dschaschka (Internetprobleme sein Vater)
10279	samples	ja wir spielen deadlock  [GER:ENG]
10287	samples	neue helden ausprobieren & ranked unterste schublade
10289	samples	[Ger/Eng] Deadlock💀
10293	samples	🔴 RANKED GRIND | Deadlock Gameplay | Vindicta Bebop Holliday !discord !clip
10306	samples	RANKED DEADLOCK BILLY ABRAMS BILYL ABRAMS o_O
10310	samples	Zwischen Genie und Kündigungsgrund  - jetzt einschalten wird geil
10313	updates	Road to GM - Wir stehen vor der Himmelspforte!  | #BrainturnYELLY! #muchosexy || !live !commands !digga
10320	samples	Deadlock Haze
10323	samples	Deadlock
10325	samples	Deadlock Grind
10327	samples	Deadlock
10328	samples	Deadlock
10331	updates	DROPS✅  WARDOGS - BETA Test? Lets see... | #BrainturnYELLY! #muchosexy || !live !commands !digga
10332	samples	paradox grind [GER:ENG]
10334	updates	E2 HC event
10335	samples	neue helden ausprobieren | evtl. ranked (unterste schublade)
10337	samples	paradox grind / yoshi pls buff celeste we want more of the vision <3 [GER:ENG]
10340	samples	Paradox grind / yoshi pls buff celeste we want more of the vision <3 [GER:ENG]
10343	samples	PLAYING EVIL DEADLOCK 😈| MINA/CELE/POCK | Road to Eternus | 75hz Gaming
10346	samples	RANKED DEADLOCK BILLY ABRAMS BILYL ABRAMS o_O
10351	samples	🔴 RANKED GRIND | Deadlock Gameplay | Vindicta Bebop Holliday !discord !clip
10352	updates	Wardogs Beta Grind
10361	updates	Wardogs Beta Grind
10365	samples	Zwischen Genie und Kündigungsgrund  - jetzt einschalten wird geil
10366	updates	Wardogs Beta Grind
10378	samples	Deadlocktime
10379	updates	Nachtwache hinten drinne mit Jasko
10385	samples	Daddylock
10388	updates	DROPS✅  WARDOGS - BETA Test? Lets see... | #BrainturnYELLY! #muchosexy || !live !commands !digga
10389	samples	Paradox und so  [GER:ENG]
10391	samples	Paradox und so  [GER:ENG]
10392	samples	Paradox und 50 min boring standart matches schlaflobbys  [GER:ENG]
10393	updates	[DROPS] [1440p] Den Live button wieder gefunden!!!
10394	samples	Deadlock Normalis Pocket oder sowas - Mitspieler willkommen
10400	samples	Paradox und 50 min boring standart matches schlaflobbys  [GER:ENG]
10407	samples	Paradox und 50 min boring standart matches schlaflobbys  [GER:ENG]
10410	samples	🔴 RANKED GRIND | Deadlock Gameplay | Vindicta Bebop Holliday !discord !clip
10411	samples	Alle Helden für Rank freischalten
10414	samples	Locked In | Power Music | 🔥 Play. Smile. Repeat. #PotatoAim
10416	updates	Zwischen Genie und Kündigungsgrund  - jetzt einschalten wird geil
10417	samples	💎Ger / Ai Ich lebe noch  XD   💎
10419	samples	[DROPS] [1440p] Den Live button wieder gefunden!!!
10422	updates	Auf ins Abenteuer
10424	samples	Zwischen Genie und Kündigungsgrund  - jetzt einschalten wird geil
10425	samples	PLAYING EVIL DEADLOCK 😈| MINA/CELE/POCK | Road to Eternus | 75hz Gaming
10439	updates	Nachtwache hinten drinne mit Jasko
10452	updates	Ich kann das alles nicht mehr
10454	samples	Erster Einblick in den LOL-Overwatch shooter
10456	samples	Erster Einblick in den LOL-Overwatch shooter
10459	samples	grind never stops | Paradox  [GER:ENG]
10462	updates	DROPS✅  Fu... Beta, Marvel Rivals lets go | #BrainturnYELLY! #muchosexy || !live !commands !digga
10464	samples	grind never stops | Paradox  [GER:ENG]
10465	samples	Deadlock für krebskranken bruder
10466	samples	Arc Raiders - Chill
10467	updates	Die wins einfahren atleast i hope so
10468	samples	🔴 RANKED GRIND | Deadlock Gameplay | Vindicta Bebop Holliday !discord !clip
10469	samples	[DROPS] [1440p] Den Live button wieder gefunden!!!
10475	samples	PLAYING EVIL DEADLOCK 😈| META ABUSER | Road to Eternus | 75hz Gaming | !socials
10477	samples	Deadlocktime
10483	samples	Zwischen Genie und Kündigungsgrund  - jetzt einschalten wird geil
10485	samples	grind never stops | Paradox  [GER:ENG]
10489	samples	Deadlock Ability Draft
10491	updates	alle achievements erreichen I Ger/Eng !socials !commands
10492	samples	🔴 RANKED GRIND | Deadlock Gameplay | Vindicta Bebop Holliday !discord !clip
10498	samples	bitte möchte jedes match 1 stunde spielen schlafen gaming  | Paradox  [GER:ENG]
10499	samples	Grind um ranked Spielen zu können
10501	samples	[Ger/Eng] Deadlock grind 💀
10502	updates	CHOOSE YOURE STARTER How Seelenverbindung zurückkommen !dc !Regeln für Soullink um €€€ !wp !Vape
10511	updates	Nachtwache hinten drinne mit Jasko (pvp)
10512	samples	1 Schluck Bier pro Tod
10514	samples	1 Schluck Bier pro Tod
10515	samples	1 Schluck Bier pro Tod
10517	samples	trinken für einen guten zweck wir spielen deadlock   | Paradox  [GER:ENG]
10522	samples	grind | Paradox  [GER:ENG]
10530	samples	PLAYING EVIL DEADLOCK 😈| META ABUSER | Road to Eternus | 75hz Gaming | !socials
10531	samples	Ein Mann, ein Traum und erschreckend wenig Aufsicht - jetzt einschalten wird geil
10535	samples	Mo und Krill
10539	updates	Alt gaming getting back into the game
10540	updates	Alt gaming getting back into the game
10543	samples	GRINDING MATCHMAKING SEVEN VINDICTA  ✨ JOIN HERE ✨ (GER/ENG)
10546	updates	Heute wird alles verzockt
10548	updates	Weiter mit Akt 2
10556	samples	Warden Grind | Phantom 5
10561	updates	Ich kann das alles nicht mehr ich will das alles nicht mehr ich halt das nicht mehr aus
10578	updates	Dark Souls Godgamer versucht sich an Mortel Shell 2 (Blind)
10586	samples	Professional Mistake Maker🔥 Play. Smile. Repeat. #PotatoAim
10589	samples	Rein in Ranked
10595	samples	🔴 RANKED GRIND | Deadlock Gameplay | Vindicta Bebop Holliday !discord !clip
10597	samples	Getting them 15 wins? or atleast we try to get them
10601	samples	PLAYING EVIL DEADLOCK 😈| META ABUSER | Road to Eternus | 75hz Gaming | !socials
10607	samples	PLAYING EVIL DEADLOCK 😈| META ABUSER | Road to Eternus | 75hz Gaming | !socials
10613	samples	Warden Grind | Phantom 6
10628	samples	Top 1000 EU pushen und Phantom hitten!! | Deadlock deutsch Road2Eternus
10629	samples	losing in 4k!
10633	samples	Professional Mistake Maker🔥 Play. Smile. Repeat. #PotatoAim
10640	samples	🔴 RANKED GRIND | Deadlock Gameplay | Vindicta Bebop Holliday !discord !clip
10644	samples	GRINDING MATCHMAKING SEVEN VINDICTA  ✨ JOIN HERE ✨ (GER/ENG)
10646	samples	PLAYING EVIL DEADLOCK 😈| META ABUSER | Road to Eternus | 75hz Gaming | !socials
10649	samples	Ein Mann, ein Traum und erschreckend wenig Aufsicht - jetzt einschalten wird geil
10661	samples	[GER] Leviathan vs Buff Enjoyers | @deadlocknightshift #53 EU Final |  @purebacon_
10663	samples	hallo | Paradox  [GER:ENG]
10665	samples	hallo | Paradox  [GER:ENG]
10674	updates	DROPS✅ Ein schöner Tag für eine GM Party? | #BrainturnYELLY! #muchosexy || !live !commands !digga
10686	samples	Professional Mistake Maker🔥 Play. Smile. Repeat. #PotatoAim
10687	samples	Bisschen Deadlock, bisschen Finals, bisschen dies, bisschen das
10688	samples	Bisschen Deadlock, bisschen Finals, bisschen dies, bisschen das
10692	samples	🔴 RANKED GRIND | Deadlock Gameplay | Vindicta Bebop Holliday !discord !clip
10693	samples	Ein Mann, ein Traum und erschreckend wenig Aufsicht - jetzt einschalten wird geil
10704	samples	Mo mo normals grinden und bots abfarmen #HackTheBots
10708	samples	Mo mo normals grinden und bots abfarmen #HackTheBots
10710	samples	Mo Ranked Games Inten und die Mates sauer machen
10711	samples	Mo Ranked Games Inten und die Mates sauer machen
10712	samples	Mo Ranked Games Inten und die Mates sauer machen
10718	samples	Mo Ranked Games Inten und die Mates sauer machen
10720	samples	Warden Grind | Ascendant 1
10733	samples	Top 1000 EU pushen und Phantom hitten!! | Deadlock deutsch Road2Eternus
10737	samples	Professional Mistake Maker🔥 Play. Smile. Repeat. #PotatoAim
10738	updates	round 2 | !blelele !lurk !dc !roguelegends
10743	samples	🔴 RANKED GRIND | Deadlock Gameplay | Vindicta Bebop Holliday !discord !clip
10748	samples	Rein in Ranked
10757	samples	Mo Ranked Games Inten und die Mates sauer machen
10758	samples	Mo Ranked Games Inten und die Mates sauer machen
10759	samples	neue mission längste losing streak in deadlock history erreichen | Paradox  [GER:ENG]
10760	samples	Mo Ranked Games Inten und die Mates sauer machen
10761	samples	Mo Ranked Games Inten und die Mates sauer machen
10763	samples	Mo Ranked Games Inten und die Mates sauer machen
10766	samples	Warden Grind | Ascendant 1
10769	samples	🔴 RANKED GRIND | Deadlock Gameplay | Vindicta Bebop Holliday !discord !clip | scrims in german
10773	samples	🌀Besser werden und Phantom hitten!!🌀 | Deadlock deutsch Road2Eternus
10774	samples	Eigentlich ein schöner Abend, Zeit das zu ändern - jetzt einschalten wird geil
10775	samples	Professional Mistake Maker🔥 Play. Smile. Repeat. #PotatoAim
10793	samples	Rein in Ranked
10802	updates	Grind in The Finals
10806	updates	No Names
10809	samples	besser werden  [GER:ENG]
10812	samples	Unlocking Haze&Mirage | Ascendant 2
10814	samples	🌀Besser werden und Phantom hitten!!🌀 | Deadlock deutsch Road2Eternus
10817	samples	🔴 RANKED GRIND | Deadlock Gameplay | Vindicta Bebop Holliday !discord !clip | scrims in german
10818	samples	Zurück aus Berlin - Gaming Sonntag - Deadlock & Tarkov denke ich
10822	samples	Professional Mistake Maker🔥 Play. Smile. Repeat. #PotatoAim
10835	samples	Neue Helden für Ranked freischalten
10836	samples	[GER] Urn Runner vs. TetraHex | Community Scrims |  @purebacon_ & @zro_dl
10842	samples	Mo Turnament Game
10843	samples	Turnament Game
10848	updates	DBD is Survivor sided, change my mind
10850	updates	DBD is Survivor sided, change my mind
10851	samples	BIG WinChallenge Meine Erste Von Samstag bis Montag Kommt Rein
10857	samples	The Great Derank 🔥 Play. Smile. Repeat. #PotatoAim
10859	samples	🐐Oracle Hardstuck🐐 muss improven!! | Deadlock deutsch Road2Eternus
10863	samples	Daddylock Otp Vyper phantom 1 rn
10864	samples	🔴 RANKED GRIND | Deadlock Gameplay | Vindicta Bebop Holliday !discord !clip | scrims in german
10873	samples	Neue Helden für Ranked freischalten
10889	updates	Können wir das schaffen?
10899	samples	The Great Derank 🔥 Play. Smile. Repeat. #PotatoAim
10902	samples	Ganz kurz vernünftig sein und dann können wir anfangen - jetzt einschalten wird geil
10903	samples	Bissle Normals mit Deno dem King
10904	samples	@dach_lock scrims
10911	samples	Später Tarkov mit Jasko, solange Deadlock ranken
10915	samples	[GER] Shiv Support vs Urn Runners | Community Scrim | @zro_dl  & deniz
10924	samples	FOUND MY INNER PEACE | PLAYING EVIL DEADLOCK 😈| META ABUSER | Road to Eternus | 75hz Gaming | !socials
10927	samples	Daddylock Otp Vyper phantom 1 rn
10930	samples	PART TIMER
10931	samples	Unlocking Haze&Mirage | Ascendant 3
10937	samples	Schwer Depressiv und Oracle Hardstuck!| Deadlock deutsch Road2Eternus
10938	samples	FOUND MY INNER PEACE | PLAYING EVIL DEADLOCK 😈| META ABUSER | Road to Eternus | 75hz Gaming | !socials
10939	samples	The Great Derank 🔥 Play. Smile. Repeat. #PotatoAim
10940	updates	@dach_lock scrims
10948	samples	[GER] Funny Custom Match Ability Draft | caster @zro_dl  & nimo
10949	samples	🔴 RANKED GRIND | Deadlock Gameplay | Vindicta Bebop Holliday !discord !clip
10958	samples	GRINDING MATCHMAKING SEVEN VINDICTA  ✨ JOIN HERE ✨ (GER/ENG)
10977	updates	[drops] bei blood of dawnwalker reinschauen
10980	updates	[drops] bei blood of dawnwalker reinschauen
10985	samples	The Great Derank 🔥 Play. Smile. Repeat. #PotatoAim
10986	updates	Vampire Diaries,  Gut oder Böse? - jetzt einschalten wird geil
10988	samples	Schwer Depressiv und Oracle Hardstuck!| Deadlock deutsch Road2Eternus
10990	samples	Tag 2 Tetrahex Team Coaching | !dldc für free Coaching
10992	samples	SHORT MATCHMAKING SEVEN VINDICTA  ✨ JOIN HERE ✨ (GER/ENG)
10993	samples	🔴 RANKED GRIND | Deadlock Gameplay | Vindicta Bebop Holliday !discord !clip
10998	samples	WE AFFILIATE NOW | FOUND MY INNER PEACE | META ABUSER | Road to Eternus | 75hz Gaming | !socials
11004	samples	Neue Helden freischalten
11005	updates	CHOOSE YOURE STARTER How Seelenverbindung zurückkommen !dc !Regeln für Soullink um €€€ !wp !Vape
11009	samples	ULTRA TURBO ZEN MENTAL TRYHARD RANKED GRIND PHANTOM 5 START
11015	updates	Tarkov Time mit Jasko
11022	samples	MISSION: GRIND | Tobii Eye Tracker
11023	updates	[drops] bei blood of dawnwalker reinschauen
11025	updates	[drops] weiter mit blood of dawnwalker
11030	samples	Music🔥Vibes😎 Gameplay☠️  Play. Smile. Repeat. #PotatoAim
11039	samples	🔴 RANKED GRIND | Deadlock Gameplay | Vindicta Bebop Holliday !discord !clip
11042	samples	WE AFFILIATE NOW | SONG REQUEST AVAILABLE | META ABUSER | Road to Eternus | 75hz Gaming | !socials
11044	updates	Kommt gern vorbei ! Noob
11048	samples	COMEBACK aus neuer ZENTRALE🌍Prinz Zuko ftw🌍Verschmiert²🌍Nr. 102🌍Zertrümmern oder Zertrümmert werden🌍!Discord
11049	samples	EU's worst player Bald Deadlock goat. trust
